Asker Id	Answerer Id
87234	3821643
87234	2011147
87234	2297550
87234	3378204
87234	4895229
87234	166949
87234	863980
87234	866732
87234	8459055
87234	922184
87234	1196549
87234	536086
87234	1012551
87234	1031591
87234	3950982
87234	5423108
87234	1627741
87234	1020149
87234	6530695
87234	5068056
87234	4013258
87234	601567
87234	1313233
87234	1011995
87234	134633
342235	9194639
342235	6426065
342235	22656
342235	1050755
342235	1050755
342235	1393004
342235	53013
342235	870838
342235	545127
342235	16883
4315	7888956
4315	4109266
4315	1028560
4315	11725130
4315	3957354
4315	1767316
4315	3664592
4315	10240338
4315	9892438
4315	4251431
4315	959876
4315	5092157
4315	958373
4315	2164304
4315	7960986
4315	597657
4315	4192
4315	1977836
4315	8363841
4315	5535245
4315	4203
4315	1910406
4315	3216970
4315	657427
4315	7488
4315	1917489
4315	807231
4315	7178104
4315	1697099
4315	8808036
4315	6532494
4315	2128327
4315	4233180
4315	1912964
4315	3961865
4315	112670
4315	1952852
4315	4958222
4315	7051714
4315	4990642
4315	5797598
4315	8701
4315	5128145
4315	438154
4315	1195605
4315	1255825
4315	658018
4315	5903395
4315	1666
4315	4957499
4315	216248
4315	4010017
4315	922581
4315	12541
4315	1733754
4315	3250087
4315	1282030
4315	1695011
4315	2997238
4315	1833961
4315	1893773
4315	4100
4315	779111
4315	54236
4315	292
4315	2396539
4315	1907916
4315	1931858
4315	543572
4315	258289
4315	1678760
4315	1426433
4315	1951442
4315	2988
4315	212665
4315	184730
4315	238938
4315	48402
4315	73019
4315	3034
4315	46
4315	2644
4315	3305
4315	1310
34856	6024604
34856	2785025
34856	4206
34856	7236932
34856	2893693
34856	4353365
34856	4014678
34856	35915
34856	448078
34856	503804
34856	1119386
34856	4545552
34856	8432237
34856	90874
34856	1940722
34856	2133006
34856	4999394
34856	1088846
34856	4256410
34856	3719179
34856	315677
34856	2194364
34856	6546993
34856	28683
34856	904825
34856	27657
34856	2000185
34856	977919
34856	34509
34856	452775
34856	1624839
34856	3474
34856	1646333
34856	966072
34856	212665
34856	1564766
34856	1342121
34856	571271
34856	634475
34856	250816
34856	474659
34856	184730
34856	346135
34856	16883
34856	1356709
34856	1022180
34856	18393
34856	2057902
34856	2128327
34856	396216
34856	2648077
34856	1441122
34856	1054021
34856	552782
34856	62709
34856	20654
34856	1391568
34856	181551
34856	10324
34856	12719
34856	6610
34856	32168
16616	8558398
16616	348189
16616	980442
16616	7484853
16616	8200485
16616	1129332
16616	625114
16616	2217011
16616	903998
16616	559185
16616	43151
16616	344029
16616	57541
16616	31892
16616	2599133
16616	4318868
16616	4515400
16616	378151
16616	21590
16616	2764007
16616	1063716
16616	2428802
16616	2735286
16616	370547
16616	187141
16616	285288
16616	6926281
16616	1506477
16616	550742
16616	2194364
16616	1586864
16616	5735806
16616	3129572
16616	2534090
16616	2435085
16616	1548325
16616	978136
16616	2420519
16616	4856258
16616	1684528
16616	3040627
16616	603516
16616	4100
16616	639687
16616	159679
16616	3950982
16616	1794244
16616	262379
16616	1055284
16616	2470524
16616	24874
16616	428594
16616	2370932
16616	151614
16616	458244
16616	772549
16616	828757
4316	7888956
4316	1199342
4316	1853
4316	1203455
4316	2970123
4316	2030
4316	5167682
4316	124111
4316	5081877
4316	3434
4316	3230563
4316	4226914
4316	3294902
4316	3395198
4316	3527383
4316	2647077
4316	115722
4316	838841
4316	3981269
4316	3898
4316	283519
4316	759012
4316	1923551
4316	1142881
4316	2476998
4316	1162526
4316	819014
4316	541755
4316	1140748
4316	934204
4316	4276
4316	4249
4316	974
4316	4257
1127571	736054
1127571	1084927
1127571	137369
1127571	4594967
1127571	521799
1127571	471607
1127571	3880437
1127571	1061518
1127571	1891112
1127571	758708
1127571	57695
542091	6116090
542091	1597833
542091	602856
542091	1339987
542091	440921
542091	2619679
542091	504299
542091	1143639
542091	244521
542091	1041822
939	7353562
939	11199879
939	2418016
939	7484853
939	9769061
939	9036713
939	5936681
939	1393484
939	6714430
939	5091346
939	601362
939	4804146
939	4648430
939	1469472
939	22850
939	187141
939	1822659
939	5901831
939	2889297
939	1288
939	453590
939	4501480
939	60518
939	968988
939	3747720
939	1912860
939	3498950
939	3012916
939	2619091
939	7671
939	874275
939	2798291
939	280783
939	18511
42155	7664765
42155	11199879
42155	1121841
42155	4398100
42155	10451970
42155	185022
42155	565179
42155	2093934
42155	5213194
42155	1587046
42155	6807980
42155	767519
42155	1297445
42155	8985913
42155	4146952
42155	4298
42155	5150135
42155	3589614
42155	10007
42155	9169330
42155	1356709
42155	6039920
42155	8704849
42155	7315895
42155	6441370
42155	8674497
42155	4485195
42155	1288
42155	2668232
42155	4812170
42155	462
42155	2310053
42155	697099
42155	2081215
42155	1348139
42155	13531
42155	987044
42155	5246706
42155	3496570
42155	7884494
42155	449946
42155	649451
42155	3380739
42155	31892
42155	4233197
42155	2095604
42155	2590960
42155	1025230
42155	1734143
42155	3147737
42155	2271536
42155	1632187
42155	1693143
42155	448005
42155	1534027
42155	278646
42155	274198
42155	2079831
42155	1805989
42155	23691
42155	1660192
42155	132162
42155	554988
953140	10017725
953140	912829
953140	1835198
953140	22656
953140	1475228
953140	8161256
953140	513342
953140	3264657
953140	102040
953140	216111
953140	57695
953140	1011704
953140	827060
953140	277683
953140	372643
953140	64174
84916	86463
84916	838228
84916	70393
84916	130516
84916	1087918
84916	17967
84916	417084
4807	642706
4807	6759926
4807	4318868
4807	5256337
4807	1503859
4807	1216775
4807	1310
4807	5756557
4807	3141443
4807	1570415
4807	4813777
4807	512907
4807	7369238
4807	6931119
4807	4745890
4807	4725
4807	1762224
4807	1927832
4807	4257
4807	1123501
4807	3267
4807	1706743
4807	1584255
4807	4533984
4807	1276364
4807	1918772
4807	3254469
4807	5135746
4807	1758634
4807	3131537
4807	2197975
4807	1431728
4807	1853
4807	1941878
4807	918472
4807	265011
4807	991065
4807	5077
4807	20128
4807	2551
465179	7580839
465179	771769
465179	2361308
465179	545353
465179	8524301
465179	564145
465179	4268603
465179	686478
465179	4738608
465179	2292492
465179	128397
465179	2896382
465179	554431
465179	339243
465179	210445
465179	3916
465179	327301
465179	653511
465179	183406
465179	4658182
465179	1833961
465179	2087628
465179	1817435
465179	919710
465179	148631
465179	1439305
465179	964243
465179	747320
465179	990750
465179	1050755
465179	989857
465179	1564766
465179	466250
465179	469070
465179	132565
465179	698121
465179	857727
465179	839379
465179	477534
465179	73274
465179	443572
465179	59724
465179	856547
465179	37213
465179	847333
465179	778659
465179	64626
465179	17057
465179	338614
465179	751751
465179	368544
465179	57695
465179	486057
465179	1288
625	528459
625	6461839
625	8633117
625	923560
625	13673
625	619860
625	276052
625	657427
625	24243
625	1599792
625	4395148
625	2987706
625	1142548
625	1081454
625	26010
625	597657
625	1475228
625	7696246
625	4758255
625	1162620
625	2550410
625	964243
625	2310069
625	2675669
625	14660
625	319931
625	20471
41200	5870336
41200	12887
41200	3647002
41200	707399
41200	3834036
41200	1490322
41200	5197034
41200	9902873
41200	1428052
41200	127859
41200	1218010
41200	1490555
41200	890381
41200	40013
41200	15459
41200	188
41200	39975
41200	34450
41200	8638323
41200	5974780
41200	4725
41200	2032701
41200	2245634
41200	1129332
41200	6168802
41200	284830
41200	194609
41200	487117
41200	877703
41200	506908
41200	1942
41200	107331
537967	9106684
537967	8082751
537967	29995
537967	2648077
537967	619860
537967	288671
537967	3280682
537967	2815219
537967	4180464
537967	5855888
537967	8697391
537967	2564509
537967	8111997
537967	3805521
537967	5517435
537967	4226914
537967	6038779
537967	9452616
537967	7449706
537967	6224955
537967	8258208
537967	4314962
537967	5340833
537967	4464360
537967	9487096
537967	9169330
537967	1970059
537967	7826803
537967	5693350
537967	3126359
537967	1930011
537967	3641329
537967	388317
537967	1290668
537967	3888450
537967	3885376
537967	2344115
537967	2837359
537967	3760904
537967	306711
537967	1149248
537967	574799
537967	2172026
33203	3230563
33203	11004892
33203	5580567
33203	3862024
33203	8026
33203	1270989
33203	22656
33203	337128
33203	5167682
33203	4142806
33203	2495576
33203	102040
33203	3061706
33203	3875380
33203	16201
33203	2444506
33203	242042
33203	1264138
33203	2165875
33203	83741
33203	1364371
33203	600500
33203	4249
1732709	8504033
1732709	157247
1732709	3962211
119895	11199879
119895	1746118
119895	233014
119895	1570415
119895	3380739
119895	6051536
119895	31158
119895	1268294
119895	2801794
119895	439407
119895	947488
119895	187141
119895	6714430
119895	6089852
119895	2445174
119895	9518
119895	1291525
119895	85421
119895	5089473
119895	8969
119895	6233653
119895	2447599
119895	517381
119895	17172
119895	1417653
119895	2282246
119895	3486249
119895	1031312
119895	1357822
119895	1207828
119895	64679
3098	4537090
3098	6769119
3098	2915032
3098	4770877
3098	4308897
3098	3087
3098	4836141
3098	7629797
3098	2300013
3098	8356771
3098	522729
3098	1125774
3098	1550509
3098	65868
3098	2030
3098	693752
3098	5313
3098	5266
3098	4120
3098	373975
3098	128285
3098	7599315
3098	3930424
3098	2197088
3098	2335016
3098	538160
3098	1781357
3098	4497253
3098	2373304
3098	1789360
3098	312957
3098	946904
3098	383414
3098	29746
3098	65868
3098	14153
3098	4794
3098	5314
3098	300248
3098	1063716
3098	419109
3098	126875
3098	19520
3098	3305
3098	2697
3098	107852
3098	424903
3098	151
3098	1931
3098	572
3098	2822
797593	4770877
797593	7258332
797593	9653703
797593	10835287
797593	1084174
797593	6728443
797593	3081554
797593	6375170
797593	1024412
797593	1169115
797593	6602675
797593	3286489
797593	398309
797593	4999394
797593	7856490
797593	2767181
797593	1380032
797593	6656818
797593	3578677
797593	1511022
797593	6180676
797593	6136614
797593	473338
797593	3306437
797593	1099990
797593	1897334
797593	6175778
797593	4286151
797593	1367344
797593	4549000
797593	4522954
797593	2770850
797593	1294150
797593	3151440
797593	2721917
797593	2313968
797593	3129572
797593	2201778
797593	1837505
797593	3129443
797593	1292736
797593	1645339
797593	2559284
797593	2014374
797593	1029089
797593	4581645
797593	1367392
797593	3340034
797593	2251011
797593	2763256
797593	1092746
797593	1360732
797593	2447827
797593	694378
885027	4223
885027	448078
885027	2987755
885027	7538821
885027	956880
885027	2287871
885027	6929015
885027	6706261
885027	5191731
885027	2851699
885027	8111997
885027	5635466
885027	3948862
885027	1058366
885027	6826372
885027	5373110
885027	7504001
885027	4295595
885027	9189
885027	3201107
885027	196211
885027	2684342
885027	5089473
885027	6547976
885027	276101
885027	7616
885027	300807
885027	349636
885027	873900
885027	38266
885027	4315585
885027	3149356
885027	3317784
885027	1596606
885027	1927543
885027	44512
885027	645226
885027	338082
885027	3848
885027	227698
885027	52249
885027	7671
885027	2635682
885027	6770
885027	9271
885027	1559
885027	3320
67219	446986
67219	3088897
67219	287244
67219	10344261
67219	470517
67219	744298
67219	432903
67219	6698976
67219	1332486
67219	330457
67219	5678086
67219	1077748
67219	2556114
67219	3375762
67219	2390974
67219	3233398
67219	911617
67219	2289765
67219	526415
67219	2695990
67219	1170677
67219	547689
67219	30453
67219	657445
67219	891846
67219	612457
67219	56039
67219	455180
67219	404395
67219	451634
67219	195463
67219	170865
67219	56039
16534	1076703
16534	11199879
16534	11754064
16534	4725
16534	131872
16534	2184966
16534	444028
16534	1705598
16534	509619
16534	364147
16534	131872
16534	5405851
16534	4752024
16534	6836652
16534	4359708
16534	3048442
16534	3676027
16534	2057902
16534	572
16534	324907
16534	2501328
16534	23072
16534	3496570
16534	127859
16534	829571
16534	1528401
16534	642389
16534	4725
33203	2204759
33203	6505685
33203	7500651
33203	32453
33203	2576702
33203	4543733
33203	9772691
33203	2106934
33203	3254692
33203	5089473
33203	5483580
33203	5340833
33203	1588303
33203	4066742
33203	6069781
33203	22656
33203	4395148
33203	231397
33203	5182313
33203	147808
33203	2295938
65374	10567048
65374	5812
65374	918472
65374	1575570
65374	5223309
65374	5073834
65374	1504824
65374	4537618
65374	1475228
65374	8609030
65374	6714430
65374	843943
65374	1409
65374	1354334
65374	18154
65374	1932011
65374	4999394
65374	3179759
65374	214626
65374	57695
65374	1720452
65374	1853458
65374	472992
65374	1142548
65374	3317784
65374	2231887
65374	1014830
65374	2771655
65374	1832655
65374	1769720
65374	22656
65374	1458183
65374	1189632
65374	1068314
65374	1397969
65374	1314112
65374	730911
65374	85821
65374	129213
65374	152317
65374	49246
65374	15880
142	4216954
142	1198898
142	1347707
142	2453
142	3631743
142	2288882
142	2774441
142	2115148
142	797
142	4651104
142	5167682
142	4999394
142	890
142	1878022
142	2267583
142	1498427
142	1772534
142	1191613
142	3295
142	3320
142	2695
863084	5256337
863084	10961238
863084	5536695
863084	2815219
863084	4177869
863084	9609300
863084	8411174
863084	3950690
863084	445543
863084	9112160
863084	1392352
863084	2648077
863084	3244185
863084	2334534
863084	1194067
863084	8450064
863084	4334162
863084	3912516
863084	3083363
863084	1984049
863084	992706
863084	5167492
863084	5426099
863084	1245337
863084	1009686
863084	1794781
863084	203907
40842	7747942
40842	1423922
40842	1927303
40842	11754064
40842	11531469
40842	2668232
40842	118437
40842	2516131
40842	4095239
40842	58798
40842	4910851
40842	6514262
40842	5847353
40842	2787184
40842	2558244
40842	5295031
40842	2128327
40842	8200485
40842	1377498
40842	118133
40842	2380374
40842	112614
40842	3095
40842	572
1666	516167
1666	21234
1666	4101415
1666	9491394
1666	48136
1666	2387977
1666	1807373
1666	3782729
1666	1034782
1666	773113
1666	679822
1666	1387275
1666	7750672
1666	4031101
1666	95725
1666	95725
1666	1482358
1666	1055223
1666	2893693
1666	718515
1666	4840515
1666	360211
1666	1079174
1666	5051165
1666	1218054
1666	3281476
1666	11347
1666	1636207
1666	1161494
1666	212731
1666	998938
1666	11858
1666	17826
157882	157882
157882	5388882
157882	1393484
157882	3201107
157882	4999394
157882	1393484
157882	718333
157882	187141
157882	204476
157882	2876739
157882	841272
50913	4042213
50913	6857910
50913	8010985
50913	1679516
50913	187014
50913	1614677
50913	2838289
50913	3005093
50913	13531
50913	3684449
50913	2323964
50913	6548925
50913	1113510
50913	2603577
50913	458965
50913	2947239
50913	2181915
50913	1851302
50913	1037363
50913	370750
50913	62479
50913	2392026
50913	1180621
50913	86845
50913	57695
50913	1070607
12149	12110449
12149	44523
12149	10103431
12149	9106684
12149	1216775
12149	744133
12149	4589003
12149	9584195
12149	57695
12149	1624839
12149	8630563
12149	9494831
12149	7253597
12149	3526891
12149	5301790
12149	1599792
12149	3006620
12149	4641040
12149	4626262
12149	3281247
12149	1692706
12149	2851999
12149	1625740
12149	375727
12149	3184763
12149	749588
12149	586992
12149	2517838
12149	2736313
12149	339736
12149	1274957
12149	29173
15108	8203357
15108	9106684
15108	1851286
15108	7677111
15108	8010985
15108	2693502
15108	2862341
15108	766778
15108	1454347
15108	1337338
15108	109880
15108	22656
15108	4732645
15108	2078908
15108	5810648
15108	1844843
15108	172821
15108	467240
15108	2875404
15108	5253714
15108	108892
15108	4501480
15108	6178741
15108	5972784
15108	1951442
15108	5370518
15108	2707648
15108	783601
15108	2381321
15108	279112
15108	2359640
15108	1482450
15108	246394
15108	73070
15108	22992
1031797	7438973
1031797	597657
1031797	1129332
1031797	2445461
1031797	3425114
1031797	2798291
1031797	1190943
1031797	458180
1031797	143585
1031797	1843385
1031797	1208581
1031797	1014237
1031797	2131438
1031797	411022
1031797	1247781
11193	10312263
11193	4046145
11193	7503961
11193	1586
11193	1802850
11193	5079879
11193	11357
11193	5167682
11193	1475228
11193	337128
11193	5095067
11193	1170677
11193	140740
11193	1878022
11193	308651
11193	330280
11193	122
11193	1423581
11193	7647
11193	1192728
11193	416369
11193	3432
11193	302506
11193	6856
11193	9815
3803	774398
3803	6359611
3803	8305572
3803	1809463
3803	3474
3803	3380739
3803	9139738
3803	1481689
3803	1722818
3803	312172
3803	114549
3803	2306839
3803	3512
3803	2959
3803	1424605
3803	975638
3803	443633
3803	1338417
3803	21152
3803	89266
3803	1037363
3803	822390
3803	367407
3803	3803
3803	518493
3803	681122
3803	308474
3803	2630572
3803	1962854
3803	1385083
3803	1621446
3803	1169187
3803	1730605
3803	1548481
3803	1145285
3803	1336707
3803	3434
166067	2775013
166067	7617228
166067	12943
166067	384223
166067	305644
166067	5634808
166067	319403
166067	3156616
166067	4527988
166067	1703837
166067	4235532
166067	1700004
166067	1277221
166067	2288882
166067	385897
166067	399104
95914	1317559
95914	2648077
95914	157882
95914	1970299
95914	309683
95914	3860531
95914	3044117
95914	1563286
95914	1936845
95914	3864917
95914	595851
95914	5379010
95914	203907
95914	881375
95914	349161
95914	772286
95914	2041542
95914	2023728
95914	1983814
95914	300359
95914	867184
95914	1051649
95914	867206
95914	838361
95914	1213738
95914	318938
95914	307254
95914	622734
95914	53897
95914	261083
139010	642706
139010	3719089
139010	2853221
139010	276101
139010	296974
139010	4751165
139010	982161
139010	2100584
139010	2066665
139010	752174
139010	119772
139010	875449
139010	84378
139010	70604
303459	4226914
303459	3800782
303459	8958938
303459	11613683
303459	288671
303459	3773246
303459	1970059
303459	7551282
303459	6613299
303459	4226914
303459	6069781
303459	7121889
303459	1115406
303459	157882
303459	215009
303459	535060
303459	7610478
303459	5340833
303459	6339815
303459	5246706
303459	1216775
303459	4999394
303459	2598
303459	5279133
303459	3041354
303459	308219
303459	1369752
303459	587134
303459	365237
303459	2314047
303459	1844709
303459	304778
9466	942689
9466	4675109
9466	3380739
9466	4759176
9466	829571
9466	241379
9466	5218673
9466	820410
9466	309596
9466	4334162
9466	3553087
9466	1760575
9466	2823380
9466	3966892
9466	4525620
9466	15950
9466	157196
9466	913717
9466	724991
9466	288671
9466	829939
9466	464306
9466	2491301
9466	2335562
9466	37193
9466	2056362
9466	1833089
9466	1619400
9466	821497
9466	236152
9466	336642
9466	82609
9466	369060
9466	965886
9466	923190
9466	856468
9466	231010
9466	306488
9466	111988
9466	11705
9466	16685
9466	558193
9466	59087
9466	48062
9466	13905
9466	13121
9466	12541
9466	11705
9466	237
9466	2648
9466	9931
99317	177505
99317	1160571
99317	4217744
99317	1005422
99317	288671
99317	258772
99317	1783163
99317	4732930
99317	2323964
99317	2477084
99317	4068123
99317	1233659
99317	351427
99317	42540
99317	115432
99317	1802512
99317	719823
99317	1694
99317	21133
99317	95699
898042	4604360
898042	7714935
898042	1506477
898042	1568658
898042	1122807
898042	350615
898042	1763707
898042	5972784
898042	5590649
898042	55075
898042	1308453
898042	2293686
898042	2039852
898042	1410212
898042	671674
898042	1435948
898042	1140227
898042	282040
898042	659949
898042	1620175
898042	15452
898042	5437911
898042	1964666
898042	1760439
898042	2583733
898042	721503
898042	3112973
898042	2666780
898042	26510
898042	1651744
898042	548526
898042	3986408
898042	763747
898042	1874105
898042	790093
898042	2637717
898042	3184171
898042	3247500
898042	2404437
898042	3168034
898042	1814867
898042	2396539
898042	898042
898042	393550
898042	2092205
898042	3534268
898042	789096
898042	1249117
44848	11095718
44848	1443084
44848	43513
44848	968988
44848	2680024
44848	1491414
44848	276101
44848	27020
44848	20654
44848	4893
44848	2737885
44848	2181470
44848	1896495
44848	1599792
44848	1923551
44848	4999394
44848	6302948
44848	289466
44848	2769917
44848	2057902
44848	2347812
44848	2669960
44848	1249710
44848	2539235
44848	11296
44848	529017
44848	510708
44848	237450
44848	21234
44848	411222
44848	18275
182690	187141
182690	1418838
182690	9946772
182690	190121
182690	3675035
182690	7353877
182690	1475228
182690	1814159
182690	2010246
182690	46642
182690	116645
182690	908494
182690	615080
182690	564626
182690	1689770
182690	1083093
182690	2716712
182690	2000185
182690	91671
182690	111307
182690	942391
182690	1507816
182690	1525811
182690	930828
182690	376763
182690	53897
182690	184730
182690	115503
182690	3560
182690	131084
182690	170443
182690	2147
182690	83119
182690	131887
182690	84651
182690	572
182690	131368
5074	3356847
5074	3600553
5074	5719544
5074	6507129
5074	3315482
5074	1693748
5074	2736496
5074	2923930
5074	1503768
5074	616616
5074	5382
5074	14113
5074	13472
5074	12457
5074	13757
5074	8352967
5074	3551958
5074	5332814
5074	2039852
5074	6037775
5074	4752024
5074	1216775
5074	9931
5074	13824
5074	7610
20654	3474
20654	254307
20654	33974
20654	2893693
20654	198676
20654	1129332
20654	5672261
20654	2648
20654	5081877
20654	1594823
20654	648955
20654	7013460
20654	999478
20654	22656
20654	1388639
20654	20654
20654	762956
20654	2206934
20654	210791
20654	1061891
20654	12048
20654	278345
20654	1277252
20654	1418838
20654	112053
20654	1521167
20654	5171
20654	863519
20654	590444
20654	57695
20654	15055
11236	8662097
11236	3302747
11236	9623563
11236	1586965
11236	1211039
11236	12960
11236	2398263
11236	475876
11236	8704849
11236	340225
11236	7827977
11236	2615510
11236	7516827
11236	1845794
11236	3411681
11236	1515489
11236	224700
11236	127863
11236	3997741
11236	215120
11236	1718678
11236	3058468
11236	3855967
11236	293933
11236	633663
11236	465942
11236	2882939
11236	1771892
11236	61530
11236	465383
112532	739331
112532	3156006
112532	12960
112532	1682964
112532	17172
112532	838841
112532	59301
112532	8324502
112532	2299789
112532	211701
112532	92694
112532	96389
112532	54736
18511	12306536
18511	1862
18511	81502
18511	5191852
18511	4331279
18511	1374975
18511	8801881
18511	4917881
18511	4331279
18511	29288
18511	530074
18511	581205
18511	8031498
18511	1477667
18511	3508
18511	284795
18511	1768232
18511	3055
18511	920769
18511	12048
18511	63189
18511	119151
18511	48011
18511	76649
18511	25188
18511	9634
18511	50761
18511	38426
18511	39622
18511	15069
18511	33611
18511	1288
18511	3043
18511	22656
18511	4125
57643	5357845
57643	13379
57643	7297151
57643	2546657
57643	1624839
57643	1320710
57643	203907
57643	6903755
57643	6407649
57643	2114557
57643	5971147
57643	4092635
57643	4369107
57643	4227276
57643	562222
57643	3841258
57643	3766946
57643	3641329
57643	1376947
57643	2008247
57643	65070
57643	4986074
57643	1216775
57643	2447599
57643	1705598
57643	4227276
57643	2249930
57643	24582
57643	228171
1169349	4861249
1169349	276052
1169349	381801
1169349	2711488
1169349	2158288
1169349	2264197
1169349	388520
1169349	1147600
929694	1645154
929694	3330798
929694	1197682
929694	59561
929694	2785156
929694	4684508
929694	3821653
929694	7417349
929694	2786733
929694	4999394
929694	406429
929694	5311694
929694	1403742
929694	3406884
929694	52070
929694	1837134
929694	1425280
929694	685495
929694	1389118
929694	538775
929694	43597
929694	739090
929694	1107856
2948	11199879
2948	288671
2948	2948
2948	706317
2948	13905
2948	3380739
2948	3800782
2948	5669120
2948	14981
2948	2730420
2948	10567980
2948	1344070
2948	5143356
2948	2901129
2948	1109689
2948	4800139
2948	1042409
2948	6554496
2948	543770
2948	221213
2948	7178104
2948	7252861
2948	399723
2948	5642475
2948	989332
2948	1912860
2948	4908555
2948	791195
2948	1124509
2948	94685
2948	2955
2948	2955
2948	432499
2948	856097
2948	4151755
2948	1114732
2948	844342
2948	3144146
2948	2782483
2948	2509077
2948	812034
2948	1118233
2948	462990
2948	18154
2948	1319411
2948	811865
2948	757684
2948	574736
2948	789261
2948	791247
2948	671613
2948	556856
2948	13905
2948	3434
2948	8026
2948	40342
2948	5812
4220	202009
4220	3160869
4220	1737819
4220	203907
4220	329637
4220	2845282
4220	330457
139985	601288
139985	214977
139985	964698
139985	403639
139985	2102275
139985	588867
139985	5825962
139985	2809468
139985	5850848
139985	4759176
139985	139985
139985	3236818
139985	3113303
139985	783890
139985	4183221
139985	719278
139985	3530707
139985	4719470
139985	769581
139985	1026104
139985	6419437
139985	4179474
139985	3414257
139985	5665419
139985	529187
139985	712316
139985	1474081
139985	889534
139985	1110437
139985	2656614
139985	470184
139985	4353189
139985	4357947
139985	3652368
139985	1159404
139985	3555000
139985	3344751
139985	1644096
139985	1754020
139985	963881
139985	1781376
139985	625189
139985	5319459
139985	597858
139985	3057713
190303	4962360
190303	82559
190303	1483503
190303	3779853
190303	2531361
190303	3271380
190303	1020600
190303	113246
190303	233545
190303	649451
190303	684549
190303	185908
12149	4259032
12149	17651
12149	6542943
12149	212950
12149	4208440
12149	827811
12149	250260
12149	418057
12149	207421
12149	2526021
12149	8026
12149	3681880
12149	3458608
12149	5710872
12149	2154462
12149	3348552
12149	3745505
12149	20459
12149	593581
12149	2032064
12149	24874
12149	1954390
12149	1107862
12149	958160
12149	934649
12149	824751
12149	827031
12149	706282
12149	3751
12149	17712
12149	18907
534294	1314503
534294	505248
534294	408227
534294	633923
534294	218297
534294	351258
534294	1752366
534294	930007
534294	827114
534294	2193439
534294	103132
534294	878126
534294	1517173
534294	385138
534294	839180
534294	1453123
534294	2614774
534294	316441
534294	4008175
534294	1259377
534294	379469
534294	2474087
534294	1184154
534294	1103954
534294	262693
534294	891856
534294	1030416
534294	296430
534294	464630
534294	1114619
534294	1162914
534294	1289765
534294	135791
534294	1279334
534294	197447
534294	895604
534294	358403
534294	255139
534294	548590
534294	542282
534294	570116
534294	560818
534294	550658
534294	541374
534294	534294
15055	7584019
15055	5778099
15055	829571
15055	15055
15055	1357094
15055	12943
15055	2695227
15055	2557258
15055	6715431
15055	866333
15055	584674
15055	7690376
15055	1570415
15055	4952219
15055	6456129
15055	2807072
15055	275264
15055	1711555
15055	375232
15055	1485230
15055	908879
15055	1392956
15055	943
102040	2032021
102040	1697099
102040	561624
102040	16853
102040	5167682
102040	2595642
102040	2503111
102040	2397786
102040	1270989
102040	103532
102040	1030724
102040	4999394
102040	1878022
102040	5222902
102040	2485429
102040	884778
102040	1182464
102040	3941732
102040	3493409
102040	117374
102040	1992679
102040	2805863
102040	1434630
102040	1600981
102040	92018
102040	1549840
102040	27198
102040	1325901
102040	1252101
102040	112671
102040	113141
102040	121203
374769	157882
374769	4711103
374769	5605687
374769	867206
374769	1894198
374769	150771
374769	1551022
374769	59604
382906	139985
382906	216517
382906	1393766
382906	571189
382906	288671
382906	2102634
253387	1501449
253387	8030917
253387	4164025
253387	1462282
253387	1531124
253387	5053862
253387	3561889
253387	13531
253387	4018293
253387	2276618
253387	1097600
253387	5379705
253387	829571
253387	710099
253387	288671
253387	2039455
253387	568508
253387	1267505
253387	319379
253387	64495
253387	20654
253387	131872
253387	264669
253387	143969
7412	1744774
7412	811535
7412	18573
7412	1570415
7412	3380739
7412	1977151
7412	1216775
7412	1471
7412	3950982
7412	1183010
7412	2872888
7412	974355
7412	4856258
7412	187141
7412	13365
7412	3809588
7412	56285
7412	6201033
7412	2347107
7412	1025411
7412	1954759
7412	1393484
7412	1498427
7412	361855
7412	388317
7412	653539
7412	2703399
7412	2382934
7412	1705598
7412	368503
7412	12547
7412	610966
7412	1126874
7412	40214
7412	357230
7412	14749
7412	12960
7412	30316
7412	47190
7412	17967
7412	7679
7412	758
64250	4910279
64250	113632
64250	2083069
64250	140234
64250	2891664
64250	8106094
64250	4743275
64250	1110437
64250	56708
64250	1321564
64250	464306
64250	5083516
64250	4057800
64250	4968113
64250	64331
64250	218978
64250	2370773
64250	1052246
64250	616460
64250	2780088
64250	191148
64250	1239006
64250	798354
64250	1638425
64250	1314103
64250	615417
64250	7938
64250	44523
64250	64081
410693	2648077
410693	373455
410693	213292
410693	1764947
410693	5833218
410693	7921521
410693	2603900
410693	9392175
410693	9358476
410693	9003072
410693	679240
410693	1339429
410693	8257171
410693	4342532
410693	506855
410693	6314219
410693	535203
410693	3148734
410693	2274819
410693	1345788
410693	3290983
410693	4731435
410693	4828984
410693	16549
410693	274344
410693	260990
410693	340556
363606	244296
363606	1029089
363606	1294681
363606	925135
363606	2029110
363606	925135
363606	898057
363606	1752341
363606	902632
363606	457998
363606	683482
363606	2129757
634682	327301
634682	396255
634682	730759
634682	662728
634682	600500
634682	161161
14007	3474
14007	6413028
14007	5083516
14007	1460298
14007	8200485
14007	1714329
14007	345759
14007	546060
14007	429476
14007	611628
14007	15459
14007	19276
14007	17832
14007	12725
356145	43582
356145	4860043
356145	4677060
356145	209623
356145	1801684
356145	836967
356145	1317348
356145	2523139
356145	6189506
356145	1514467
356145	1082681
356145	2445777
356145	165071
356145	2379481
356145	2172026
356145	52055
356145	241590
356145	5752
356145	49913
356145	2899548
356145	318306
356145	604383
356145	755720
356145	1569108
356145	1356710
356145	1479496
356145	404395
356145	294789
356145	827272
356145	151813
356145	42404
2355649	2273117
2355649	2756833
2355649	1722236
2355649	10388629
2355649	3084577
2355649	1968938
2355649	8702924
2355649	1931858
2355649	4632306
2355649	3410093
2355649	7562509
2355649	3141849
2355649	2923205
2355649	3952164
2355649	2960975
2355649	8796988
2355649	2103911
2355649	2639772
2355649	2534191
2355649	3128926
2355649	1511914
2355649	589407
2355649	5020253
2355649	3385180
2355649	1429640
2355649	4318868
2355649	371082
2355649	2550410
2355649	1327788
2355649	5165508
2355649	5113554
13435	2838532
13435	2070363
13435	727495
13435	287
13435	155631
13435	5115670
13435	1729234
13435	287727
13435	4512086
13435	1143274
13435	1173495
13435	16853
13435	494130
13435	1930619
13435	36268
13435	126529
13435	418730
13435	41939
13435	122607
13435	853001
13435	664167
13435	460599
13435	9815
20400	5285016
20400	5788247
20400	1833961
20400	2893693
20400	5687295
20400	875775
20400	34161
20400	20400
20400	991065
20400	2016386
20400	2449146
20400	32090
20400	682064
20400	356700
11236	2598
11236	6931119
11236	3260503
11236	595305
11236	6448702
11236	388317
11236	5909843
11236	811625
11236	918030
11236	2390219
11236	633663
11236	3496570
11236	1782556
11236	11722
11236	52176
11236	1377112
11236	127479
11236	25122
11236	11236
11236	77779
11236	78677
482568	5890981
482568	1746118
482568	5234024
482568	718515
482568	3956731
482568	9476110
482568	1283715
482568	8243078
482568	8868289
482568	5303000
482568	4971315
482568	203907
482568	4503311
482568	5847353
482568	2338705
482568	288671
482568	348479
541929	3573553
541929	336827
541929	282968
541929	4970079
541929	905914
541929	1402463
541929	97627
541929	1182768
541929	1302824
541929	5692907
541929	3033478
541929	585006
541929	876142
541929	1005652
541929	3396223
541929	874275
541929	1854853
541929	577450
541929	2430452
541929	271051
124339	4297361
124339	5381331
124339	2961
124339	1050755
124339	4999394
124339	1608572
124339	3314058
124339	449856
124339	552792
124339	961517
124339	2064906
124339	2396539
124339	11249
124339	14955
124339	53771
88622	7353562
88622	1216775
88622	31563
88622	84540
88622	5635466
88622	651288
88622	204665
88622	8547947
88622	3992420
88622	3731900
88622	4381330
88622	265143
88622	6076212
88622	645226
88622	1192702
88622	752918
88622	967671
88622	473384
1522092	9013717
1522092	6789999
1522092	7041698
1522092	6743474
1522092	1875400
1522092	1772898
1522092	1522050
1522092	3168721
1522092	7758636
1522092	699224
1522092	5492017
1522092	5117474
1522092	5097602
1522092	180487
1522092	2246488
1522092	5152094
1522092	1384513
1522092	1272318
1522092	2478821
1522092	3361335
1522092	1442922
1522092	830429
1522092	2691307
1522092	741318
1522092	1367450
1522092	3820918
1522092	3020667
1522092	1590121
1522092	1231599
1522092	1570793
1522092	1336321
1522092	2485634
1522092	1564065
1522092	2003282
1522092	1875386
1522092	949827
1522092	2351209
1522092	3836142
1522092	467240
1522092	650220
1522092	1918832
1522092	191761
2424999	2301224
2424999	4214415
2424999	2413303
2424999	2736808
2424999	8352296
2424999	8944115
2424999	8563647
2424999	6864881
2424999	6608828
2424999	5164150
2424999	4446392
2424999	5995653
2424999	591860
2424999	4931567
2424999	3985071
2424999	1266326
2424999	5757534
2424999	1982426
2424999	902276
2424999	2123055
2424999	5124050
2424999	1226018
2424999	4233197
2424999	857447
2424999	5435577
2424999	285553
2424999	3728438
2424999	4767131
2424999	4443323
2424999	1650097
2424999	2424999
98514	10106201
98514	1697099
98514	946224
98514	16883
98514	5124803
98514	7221783
98514	5167682
98514	6230028
98514	6779797
98514	115722
98514	1869846
98514	1000404
98514	196211
98514	306819
98514	13140
98514	170974
1019952	8504033
1019952	41423
1019952	540552
1019952	1468366
1019952	697099
1019952	622495
1019952	2959707
1019952	3850131
834063	783004
834063	1239818
834063	805284
834063	843943
834063	3607748
834063	3110205
834063	4812170
834063	280783
834063	1515561
834063	2704113
834063	995199
834063	1948214
834063	209467
834063	748133
834063	2781812
834063	945827
834063	2324311
834063	1047052
834063	392330
834063	1049356
834063	1531683
834063	1321666
834063	423734
834063	1600401
834063	1474081
834063	1471791
834063	1442315
834063	815447
834063	1383756
834063	18297
834063	1344488
834063	1282059
834063	1227246
834063	1070847
834063	1815409
834063	2742599
834063	1715208
834063	354799
834063	286588
416130	2986984
416130	84671
416130	38557
416130	2028066
416130	1833961
416130	1874113
416130	1199155
416130	139985
416130	14731
416130	11296
416130	501913
416130	12631
416130	2670370
416130	204480
416130	857125
416130	138304
416130	2231635
416130	159452
416130	320911
416130	115018
416130	14467
1719067	8082751
1719067	503413
1719067	1216775
1719067	1807373
1719067	894565
1719067	7308885
1719067	1461783
1719067	993742
1719067	5642475
1719067	1232088
1719067	3563023
1719067	706695
1719067	5295306
1719067	4506140
1719067	6177308
1719067	367141
1719067	2173606
216190	2032943
216190	12094896
216190	8504033
216190	12010939
216190	5167682
216190	7295290
216190	47550
216190	572670
216190	2924323
216190	4343471
216190	340390
216190	946312
216190	37213
216190	22656
130888	11207932
130888	127320
130888	4870045
130888	6473246
130888	5719544
130888	5193370
130888	4804146
130888	1411210
130888	187141
130888	392046
130888	5860808
130888	258741
130888	3867574
130888	7006104
130888	1321016
130888	1161948
130888	3070804
130888	546801
130888	4334528
130888	239101
130888	217672
130888	574927
130888	848937
130888	1408995
130888	57695
130888	513838
1239857	8504033
1239857	2728885
1239857	3100160
1239857	918472
1239857	1380918
1665365	3099977
1665365	4478439
1665365	1684269
1665365	2685581
1665365	3782729
1665365	1462282
1665365	2590960
1665365	736054
1665365	6578100
1665365	1887560
1665365	7504001
1665365	3380739
1665365	2139222
1665365	883770
1665365	2081702
1665365	4653367
1665365	5772982
1665365	5686651
1665365	2069723
1665365	995891
117783	1555615
117783	8358001
117783	7438973
117783	4589003
117783	373386
117783	706317
117783	287783
117783	16883
117783	220141
117783	212211
117783	170974
117783	1854789
117783	4249
117783	1930838
117783	53897
117783	97992
117783	12960
117783	3525
94279	3649347
94279	3661632
94279	646818
94279	5203451
94279	4999394
94279	6714430
94279	176897
94279	489872
94279	2382531
94279	5166818
94279	2126090
94279	660774
94279	973806
94279	241821
94279	11926
94279	320830
94279	182837
94279	282706
94279	3734
94279	37213
94279	259900
115890	1764947
115890	3049628
115890	58220
115890	679822
115890	115890
115890	1157905
115890	463797
115890	869783
115890	27657
923421	4419027
923421	20734
923421	5842250
923421	258689
923421	1676634
923421	6146535
923421	118228
923421	4262053
923421	7199218
923421	5788341
923421	8175826
923421	894439
923421	3160967
923421	6606219
923421	1724059
923421	3387223
923421	4179547
923421	4652706
923421	2576840
923421	2079831
923421	903928
923421	2875641
923421	1224741
923421	1874536
923421	3050880
923421	5221346
923421	2726515
923421	365237
923421	1149401
923421	1981328
923421	2186265
923421	2112949
923421	1573807
923421	135589
135178	89266
135178	1216775
135178	1383240
135178	4716937
135178	2194364
135178	125844
135178	101884
135178	103043
135178	90573
135178	12457
167114	6709222
167114	3396808
167114	172211
167114	67606
167114	1622201
167114	4029284
167114	6786809
167114	6734944
167114	6092136
167114	6704626
167114	6426779
167114	6124737
167114	5925051
167114	2672566
167114	5121838
167114	265877
167114	2845282
167114	2020430
167114	3791355
167114	3003757
123891	1115554
123891	2038772
123891	1045296
123891	157882
123891	5404469
123891	3542027
123891	1776510
123891	1538281
123891	1076595
123891	4260007
123891	2614299
123891	642706
123891	34475
15352	5669120
15352	57477
15352	843804
15352	2891209
15352	7688028
15352	3902339
15352	889976
15352	1118527
15352	3870075
15352	2585433
15352	4679522
15352	2010457
15352	1977620
15352	5121829
15352	5210833
15352	875449
15352	782535
15352	3560519
15352	1548249
15352	2929562
15352	2572876
15352	1546513
15352	104014
15352	65678
15352	3453041
15352	4486502
15352	20363
15352	1795426
15352	758816
15352	1318198
15352	1069226
15352	262826
15352	2047472
15352	2263183
15352	2122590
15352	752918
15352	871012
15352	872985
15352	127863
10339589	2668232
10339589	1531124
10339589	4495236
10339589	1023553
10339589	6078370
10339589	3699139
10339589	485343
10339589	4704966
10339589	1779715
10339589	421195
24243	18511
24243	57695
24243	22656
24243	829571
24243	127320
24243	5870336
24243	1466267
24243	547330
24243	21005
24243	47190
5993	33611
5993	5993
5993	7144
3763100	1978383
3763100	642706
3763100	1908112
3763100	3247018
3763100	9246904
3763100	7693124
3763100	4164651
3763100	1189164
3763100	995449
3763100	7444762
3763100	7208392
3763100	495701
3763100	2952784
3763100	2211208
3763100	3934514
3763100	619860
3763100	6095161
3763100	2426364
3763100	1647320
3763100	6400356
3763100	2564200
3763100	243806
3763100	1739366
3763100	1655394
4111710	5703813
4111710	5901503
4111710	2354845
4111710	1503538
4111710	7762429
4111710	1060208
4111710	3438692
4111710	8578684
4111710	830374
4111710	6065032
4111710	4140711
4111710	968988
4111710	6104006
4111710	3914166
4111710	365237
4111710	1987338
4111710	1063929
4111710	5859173
4111710	1195632
4111710	4884640
4111710	14467
4111710	4457155
4111710	4708560
13753	250096
13753	5917904
13753	1662668
13753	4255756
13753	1884158
13753	3139451
13753	252007
13753	2829676
13753	722553
13753	1535606
13753	170918
13753	216782
13753	402027
13753	57695
13753	306307
735982	2986905
735982	3434956
735982	149206
735982	57695
735982	1311387
735982	5719544
735982	2196607
735982	1700966
735982	5138517
735982	436341
735982	719178
735982	4329067
735982	6479530
735982	747579
735982	5326059
735982	2616537
735982	3071928
735982	1599213
735982	1151521
735982	1286522
735982	585388
140962	5318303
140962	447426
140962	127479
140962	360220
140962	3600738
140962	337221
140962	4113809
140962	2619133
140962	2711488
140962	3564590
140962	187141
140962	12890
140962	388317
140962	631911
140962	203204
140962	500451
140962	980442
140962	3530337
140962	123582
140962	1758331
140962	3168721
140962	3950982
140962	2522405
140962	1257986
140962	1338417
140962	1262447
140962	520567
140962	135589
140962	26494
140962	779677
140962	129474
83952	157882
83952	8221470
83952	3337028
83952	4782065
83952	3608245
83952	3219906
83952	647919
83952	1317559
83952	3529776
83952	2636808
83952	10661
83952	1790632
83952	2408954
83952	879442
83952	622734
14118	1423
14118	263116
14118	1023060
14118	2987985
14118	521799
14118	79191
14118	112779
14118	99343
14118	563070
14118	85785
14118	4077427
14118	847853
14118	3159714
14118	716769
14118	3527563
14118	140037
14118	750216
14118	535976
14118	2185193
14118	216471
14118	1767106
14118	1064783
14118	1369932
14118	243245
14118	1414809
14118	190371
14118	42636
14118	594414
14118	356437
14118	452101
14118	367988
14118	252552
14118	499928
14118	297983
119280	212862
119280	2490336
119280	771226
119280	130964
119280	8958405
119280	143473
119280	9972338
119280	2194364
119280	7684447
119280	4163254
119280	4226914
119280	5095067
119280	2053583
119280	2057463
119280	4833142
119280	4194517
119280	209605
119280	3618182
119280	80906
119280	207421
119280	1065751
119280	5077
119280	217829
1785	491704
1785	7110799
1785	598444
1785	5340833
1785	1414726
1785	416369
1785	8200485
1785	1216775
1785	697449
1785	592746
1785	201359
44330	202009
44330	367285
44330	2939690
11581	705773
11581	1997376
11581	1829927
11581	3314058
11581	12634
11581	3792852
11581	2725534
11581	2550410
11581	2775013
11581	3275167
11581	11721
11581	1772
11581	2595642
11581	1723893
11581	5166
11581	2961
11581	2335562
11581	873952
11581	2392052
11581	13209
11581	403872
11581	3565
11581	776658
11581	20630
11581	11427
11581	10433
11581	5049
314407	6148228
314407	2553431
314407	3415353
314407	236398
314407	1549700
314407	871102
314407	15187
314407	1516397
314407	330086
685658	8504033
685658	26457
685658	4253500
685658	11430455
685658	57695
685658	2338474
685658	1742288
685658	421049
685658	2598
685658	4120631
685658	40342
685658	3054609
13140	5922688
13140	642706
13140	4773290
13140	5081877
13140	1993534
13140	3103993
13140	5962766
13140	1096326
13140	2204803
13140	1482105
13140	2272158
13140	18093
13140	1233031
13140	3226909
13140	300538
13140	21499
13140	1149423
13140	1216775
13140	2251011
13140	2093934
13140	187141
13140	2495060
13140	510583
13140	857165
13140	751641
13140	2545547
13140	203459
13140	1436703
13140	21234
13140	1078611
13140	17871
13140	1444511
13140	11142
13140	22312
13140	25920
13140	14167
13140	18189
45935	17172
45935	113632
45935	521799
45935	45935
45935	1139784
45935	57695
45935	554431
45935	458365
45935	14955
45935	8946
45935	57752
45935	48933
45935	73274
45935	99389
24982	1765193
24982	13531
24982	776244
24982	2346131
24982	8088193
24982	632951
24982	1697099
24982	1936419
24982	6328548
24982	337128
24982	4725
24982	24982
381203	5551980
381203	7232295
381203	4721831
381203	82599
381203	3593084
381203	687190
381203	244296
381203	1261479
381203	297373
236586	1697099
236586	58220
236586	1647465
236586	8055696
236586	5703255
236586	958470
236586	121747
236586	912319
236586	2329703
236586	5095067
236586	1985234
236586	940340
236586	238578
236586	1258275
236586	18393
236586	2663609
236586	1807935
236586	2396539
236586	1361638
236586	2095472
236586	1019062
236586	1261101
236586	1219536
21005	3269543
21005	3319132
21005	11703772
21005	111988
21005	270847
21005	4999394
21005	3600553
21005	7533664
21005	5320947
21005	135351
21005	5208491
21005	1607562
21005	4362167
21005	5338514
21005	3392249
21005	288671
21005	495987
21005	40342
42372	1876355
42372	3690456
42372	2652368
42372	5710872
42372	438960
42372	570584
42372	107728
42372	86232
42372	320594
42372	1875434
42372	1379294
42372	2743815
42372	2504864
42372	1753389
42372	2344523
42372	1213738
42372	77779
42372	342892
42372	103014
42372	4725
42372	31136
16404	5078763
16404	2490744
16404	2224305
16404	288671
16404	307648
16404	4696044
16404	2377343
16404	6733707
16404	453702
16404	3901746
16404	1622134
16404	118469
16404	491803
16404	77779
16404	12541
16404	105459
1709	5673607
1709	9339242
1709	123582
1709	53444
1709	1263023
1709	126125
1709	318174
1709	719278
1709	1793
1709	497300
1709	627727
1709	1793
675383	1099767
675383	1429387
675383	8174825
675383	30038
675383	3744544
675383	10943108
675383	1027007
675383	7856807
675383	675383
675383	1954467
675383	1478187
675383	4470419
675383	5889375
675383	4860513
675383	1654631
675383	3787546
675383	3848825
675383	3970128
675383	1018247
501767	1883236
501767	2668232
501767	958470
501767	9665308
501767	1352127
501767	11296
501767	755804
501767	8441607
501767	4248083
501767	1111544
501767	3378714
501767	95242
501767	2322270
501767	312025
180719	3699139
25645	2603
25645	12719
25645	55245
25645	2628956
25645	2396539
25645	1340209
25645	1519988
25645	1921442
25645	1910406
25645	1642792
25645	62848
25645	23072
25645	2128327
25645	2468643
25645	1705598
25645	1854645
25645	62671
25645	18393
25645	3065232
25645	1142548
25645	1449
25645	37213
25645	17172
259541	1385039
259541	599971
259541	1841293
259541	7530589
259541	697099
259541	1974224
259541	4350148
259541	4290860
259541	1593077
259541	77779
259541	22656
259541	4129551
259541	1713345
259541	908821
259541	136540
259541	296974
238123	1203565
238123	497005
238123	85421
238123	7848404
238123	4307338
238123	5119121
238123	197011
238123	211674
238123	2560425
238123	1794989
238123	5119121
238123	2302304
238123	57695
238123	1968
238123	105224
238123	103206
238123	37213
238123	251153
238123	489261
328518	2905874
328518	992951
328518	1621811
328518	236128
328518	1335921
328518	1808829
328518	1101821
328518	5714371
328518	6908100
328518	6456129
328518	4709423
328518	430652
328518	3737557
328518	1485235
328518	2218452
328518	505984
328518	884778
328518	852499
328518	983434
328518	609888
328518	327491
328518	323814
328518	133858
328518	2949834
328518	4877641
328518	1377769
328518	3557942
328518	917553
328518	568355
482717	12262380
482717	297331
482717	482717
482717	4589003
482717	4544927
482717	5043823
482717	5992557
482717	5756557
482717	1587329
482717	555177
482717	2830167
482717	8354827
482717	9528696
482717	4496764
482717	4621985
482717	6478651
482717	2139222
482717	3558825
482717	1448236
482717	3956150
482717	4928723
482717	4630749
482717	3440376
482717	5619076
482717	8712383
482717	1414695
482717	4178170
482717	2756408
482717	7780086
482717	4751165
482717	2050087
482717	4767356
482717	5483433
482717	6477936
482717	5256337
482717	3598945
482717	3985385
482717	2012163
482717	1393484
482717	3633663
482717	2547119
482717	3634283
482717	5212325
482717	1158219
482717	1902897
482717	997042
482717	2964811
11236	216222
11236	4535607
11236	3878267
11236	123280
11236	122697
242769	1947494
242769	5335382
242769	1025068
242769	2328444
242769	6478047
242769	3696500
242769	6891563
242769	4035641
242769	1502079
242769	1084174
242769	3792198
242769	1801072
242769	1866373
242769	7189747
242769	2807803
242769	4529588
242769	3919425
242769	6204133
242769	3636561
242769	2877004
242769	3474
242769	554740
242769	242769
242769	1226016
242769	1325646
242769	1752899
242769	1079901
242769	1352919
242769	296430
242769	20654
242769	86860
32899	10305444
32899	1147529
32899	7210433
32899	63309
32899	527768
32899	82246
32899	337455
32899	3125543
32899	4589003
32899	5719544
32899	4503189
32899	101672
32899	1087874
32899	106463
32899	4482600
32899	1531657
32899	2307306
32899	541755
32899	628696
32899	310500
32899	458603
32899	101095
32899	105224
93796	8818353
93796	2668232
93796	2893693
93796	1768945
93796	1216775
93796	4317639
93796	21849
93796	5770004
93796	2603
93796	7294647
93796	23572
93796	33857
93796	946224
93796	2619091
93796	288671
93796	3582295
93796	1967928
93796	41012
93796	57695
93796	93278
93796	63846
93796	82118
93796	35322
93796	6180
311304	250517
311304	3044117
311304	552759
311304	203860
311304	804840
311304	870207
311304	1568138
311304	737587
311304	145989
311304	66686
311304	100912
111082	6117311
111082	8694684
111082	2422530
111082	3710542
111082	4810653
111082	750987
3814029	1844664
3814029	250917
3814029	3477655
3814029	2804703
3814029	2561119
3814029	191995
3814029	6225803
3814029	677096
3814029	3814029
3814029	7836904
3814029	311514
3814029	2182398
3814029	1031689
3814029	743507
3814029	9333737
3814029	5033601
3814029	7611181
3814029	9906656
3814029	3523579
3814029	2515265
3814029	8754672
3814029	1001242
3814029	5772982
3814029	1479414
3814029	1331310
3814029	884463
3814029	2140160
3814029	4881608
3814029	2579220
15721	1616263
15721	507351
15721	865220
15721	5879376
15721	173149
15721	405154
15721	1105558
15721	710951
15721	2454753
15721	2334534
15721	4125009
15721	1914104
15721	3739455
15721	1358023
15721	607637
15721	312743
15721	63577
531762	179630
531762	3702644
531762	3341255
531762	3308533
531762	4527240
531762	747579
531762	3240583
531762	538636
531762	3094805
531762	596794
531762	1512485
531762	2773783
531762	2329028
531762	531762
531762	1802213
17294	3583589
17294	1216775
17294	432521
17294	1386911
17294	1431044
17294	1378313
17294	1466267
17294	780017
17294	3486249
17294	4139773
17294	1749126
17294	3344829
17294	4279201
17294	26787
17294	657341
17294	1366353
17294	6449
17294	1921533
17294	292728
17294	1358179
17294	1166992
17294	13905
17294	5284
17294	930312
17294	318558
17294	18187
17294	26010
17294	15585
17294	8681
17294	16476
654203	4334162
654203	807890
654203	1025118
654203	6574704
654203	714969
654203	8655052
654203	6477936
654203	1157635
654203	2383279
654203	5824616
654203	1247963
654203	1748599
654203	3597604
654203	731328
654203	1134181
654203	1087338
654203	1354278
654203	376287
654203	538160
654203	507864
654203	306643
105037	1216775
105037	355438
105037	657427
105037	1746118
105037	2493314
105037	1508529
105037	2434307
105037	2903204
105037	3031010
105037	102939
105037	424016
105037	6609485
105037	1570415
105037	3586851
105037	43597
105037	388317
105037	2909111
105037	2158441
105037	17172
105037	203907
105037	21441
105037	34088
105037	187986
133830	1328888
133830	7516845
133830	1697099
133830	1897528
133830	2249812
133830	5552809
133830	3683093
133830	13792
133830	2786733
133830	13531
133830	2087640
434407	1468898
434407	9036713
434407	8009264
434407	9169330
434407	888350
434407	3756232
434407	6419406
434407	7467246
434407	5265992
434407	1418062
434407	5345105
434407	4999394
434407	207421
434407	2421906
434407	1151724
434407	373151
434407	828625
434407	129570
240337	48770
240337	398885
240337	608317
240337	277740
240337	3816068
240337	604642
240337	4793214
240337	1494680
240337	4684597
240337	3482428
240337	203907
240337	2725534
240337	3469725
240337	2204672
240337	358099
240337	5060478
240337	3800782
240337	2949533
240337	16883
240337	542701
240337	94544
82368	122428
82368	157882
82368	181106
82368	37213
82368	451797
82368	176180
82368	44523
1277546	9703621
1277546	1485527
1277546	6409557
1277546	318174
1277546	516188
1277546	7107803
1277546	453702
1277546	591234
1277546	157882
1277546	3185090
240337	2636808
240337	157882
240337	6062587
240337	6559030
240337	187343
240337	1655478
240337	3184740
240337	2335562
240337	811293
240337	1309286
240337	1523263
240337	1194370
944383	3378204
944383	6668640
944383	1697099
944383	3665178
944383	5726856
944383	4007673
944383	3094731
944383	4105260
944383	2398172
944383	2673474
944383	142534
944383	2349638
944383	342852
944383	605744
259541	421467
259541	20654
259541	8713678
259541	369446
259541	37213
259541	832776
259541	4572887
259541	454322
259541	210290
259541	3916
58394	2160546
58394	689723
58394	37213
58394	38466
58394	5704891
58394	1292323
58394	3885376
58394	5700430
58394	4388776
126680	1515058
126680	7059880
126680	4218649
126680	4292371
126680	9486645
126680	121971
126680	1797282
126680	1682715
126680	1128403
126680	3764804
126680	277746
126680	170587
126680	2447599
126680	2488340
126680	4310031
126680	8681
126680	1355145
126680	104014
126680	21234
126680	1106115
126680	82865
145349	148607
145349	91196
145349	1157100
145349	22656
145349	77779
496949	8112615
496949	642706
496949	7940437
496949	8391616
496949	139985
496949	3600553
496949	7445389
496949	6443130
496949	4851777
496949	3675035
496949	4088794
496949	3751944
496949	2190181
496949	1719182
496949	4260007
496949	706012
496949	3059453
496949	513342
496949	1722818
496949	149923
496949	2473612
496949	641170
496949	510916
496949	551406
496949	893
496949	104950
496949	310068
193304	1473481
193304	8652152
193304	1828243
193304	8224617
193304	5826992
193304	1063716
193304	18511
193304	91265
193304	1171721
193304	4991382
193304	4797769
193304	5200623
193304	4763959
193304	181272
193304	3837848
193304	1216775
193304	3764804
193304	2210451
193304	2498188
193304	758816
193304	3766946
193304	3046023
193304	1899858
193304	2654727
193304	2602585
193304	559634
193304	575659
193304	1068257
193304	1408096
193304	11236
438319	3474985
438319	3191676
438319	5440323
438319	1082449
438319	4828657
438319	750987
438319	1732936
438319	1850609
438319	909376
438319	809536
438319	3443646
438319	871511
438319	4032261
438319	4312184
438319	4591461
438319	1810439
438319	4829972
448452	2504156
448452	4515438
448452	4688730
448452	9168450
448452	3902603
448452	1195139
448452	2797663
448452	306730
448452	2895411
448452	4090550
448452	280783
448452	277683
448452	1560067
448452	1154664
448452	905544
448452	173074
448452	105224
448452	904624
448452	108781
13673	3812854
13673	412366
13673	281545
13673	12943
13673	4700500
13673	2418306
13673	5917590
13673	4465567
13673	667637
13673	521799
13673	4904835
13673	975904
13673	515755
13673	20984
13673	524504
13673	764426
13673	1265352
13673	697099
13673	2621917
13673	251769
13673	586086
13673	57695
13673	812034
13673	1062131
13673	1133185
13673	1083225
13673	630136
13673	543762
13673	410844
13673	282636
13673	255667
13673	4186
13673	18393
164299	762913
164299	8504033
164299	1134181
164299	1793718
164299	9452134
164299	5426099
164299	4430073
164299	448078
164299	44963
164299	1169404
164299	343568
6340	8732673
6340	5912936
6340	5411494
6340	5564537
6340	8387971
6340	11442
6340	388317
6340	5980143
6340	2238
6340	582421
6340	2806819
6340	403717
6340	4725
6340	368639
6340	1394305
6340	6309
6340	15045
6340	3966
6340	9628
662159	10915384
662159	8370334
662159	7677111
662159	7522561
662159	2553805
662159	9832813
662159	3736955
662159	2861283
662159	5383238
662159	2680640
662159	2674501
662159	5782330
662159	2990550
662159	7895587
662159	4405644
662159	4065865
662159	2215223
662159	328862
662159	5848906
662159	1566876
662159	5293521
662159	5281441
662159	3858366
662159	1731498
662159	2357526
662159	1277221
662159	159178
662159	2156943
662159	2010794
662159	178753
662159	593264
662159	44620
662159	571407
1340582	1431690
1340582	6622913
1340582	14731
1340582	6640190
1340582	2078093
1340582	2693875
1340582	262022
1340582	3343801
1340582	8343290
1340582	10231012
1340582	2860319
4792	4312010
4792	4545552
4792	1435079
4792	112779
4792	1200563
4792	706317
4792	17205
4792	577062
4792	1570415
4792	1387113
4792	4792
4792	812018
4792	9636
4792	1993366
4792	173149
4792	847853
4792	268
4792	1163802
4792	10026
4792	581986
4792	1434175
4792	1255746
4792	4792
4792	1315040
4792	113173
4792	24468
4792	12215
599346	12264569
599346	1330787
599346	6350186
599346	7666442
599346	6891563
599346	9781506
599346	5899585
599346	8299619
599346	5553819
599346	8874958
599346	1774845
599346	1530399
599346	5146529
599346	655275
599346	6492588
599346	3275744
599346	4969370
599346	250260
599346	5483176
599346	4661283
599346	1650785
599346	2885340
599346	5610809
599346	4942129
599346	2846806
599346	1944723
60173	6434959
60173	7539786
60173	9317373
60173	721809
60173	5664758
60173	3752441
60173	2698573
60173	2060068
60173	126875
60173	509937
60173	126859
60173	17172
60173	18393
28557	3751576
28557	6680607
28557	28557
28557	6017001
28557	116509
28557	5068212
28557	847818
28557	3985071
28557	3025852
28557	4247799
28557	2368492
28557	3492139
28557	1463518
28557	1706269
28557	3315438
28557	3081554
28557	24069
28557	1114965
28557	660111
28557	343075
28557	39946
28557	237403
1492223	264028
1492223	2357083
1492223	2980967
1492223	7852682
1492223	62124
1492223	6027923
1492223	154133
1492223	1568658
1492223	6730571
1492223	4418990
1492223	5645869
1492223	3984890
1492223	833538
1492223	433814
1492223	3831646
1492223	7958198
1492223	265877
1492223	2708060
1492223	439021
1492223	1239439
1492223	3261430
1492223	203204
1492223	1286009
1492223	766328
16759	2396539
16759	5715934
16759	340290
16759	4517590
16759	1697099
16759	9874027
16759	6001605
16759	13940
16759	4857
16759	1380968
16759	2034733
16759	4999394
16759	4537618
16759	4019758
16759	3139543
16759	18467
16759	9897
16759	21838
16759	11961
16759	10026
16759	3093
157229	10319730
157229	203204
157229	3201825
157229	2587521
157229	642706
157229	346629
157229	5898626
157229	3040498
157229	898289
157229	6897197
157229	3255644
157229	4452808
157229	2832796
157229	1796345
157229	1010931
157229	3837522
157229	1132647
157229	3857457
157229	609707
157229	180659
157229	1702205
157229	2876739
157229	2876739
157229	1760261
157229	356323
157229	324446
157229	2709
157229	651794
1779488	11199879
1779488	1393766
1779488	9813194
1779488	1679863
1779488	5670752
1779488	246041
1779488	8355854
1779488	4087817
1779488	2141469
1779488	7708319
1779488	143585
1779488	6074708
1779488	4450851
1779488	3692155
1779488	1351298
1779488	256196
1426227	3035746
1426227	619860
1426227	1973933
1426227	757695
1426227	6236211
1426227	755401
1426227	4469944
1426227	1059372
1426227	3410093
1426227	7325804
1426227	2229438
1426227	608388
1426227	3914166
1426227	3278271
1426227	5294171
1426227	1441122
1426227	3895960
1426227	1620671
29995	205426
29995	1119381
29995	3236102
29995	29995
29995	3800782
29995	6549532
29995	4005008
797	27658
797	2948
797	931
797	2038772
797	1059372
797	2335562
797	2128327
797	4792
797	34509
797	151
797	3474
189974	3382204
189974	520359
189974	6497788
189974	1081110
189974	279452
189974	1470257
189974	1764947
189974	247221
189974	41362
189974	360274
197831	10951602
197831	3093415
197831	3391460
197831	9075992
197831	3951861
197831	3785433
197831	456684
197831	959876
197831	1377112
197831	1029251
197831	4970079
197831	180416
197831	7226192
197831	3636464
197831	1616486
197831	2808634
197831	767547
197831	4657730
197831	3496570
197831	4573489
197831	4214452
197831	1115554
197831	3150353
197831	3128754
197831	146745
197831	2385076
197831	1377978
197831	1620446
197831	179057
197831	1847949
197831	703712
276101	10943108
276101	4342230
276101	276101
276101	947488
276101	4501480
276101	448078
276101	2442615
276101	295339
276101	216111
276101	1170677
276101	16883
276101	222851
276101	203907
276101	11296
276101	60096
51230	2648077
51230	70616
51230	3764965
51230	6931119
51230	4052998
51230	1697099
51230	794606
51230	2690723
51230	1602584
51230	1122535
51230	116880
51230	57847
51230	22263
51230	329053
51230	184730
51230	543
51230	110478
619361	12943
619361	1599792
619361	8131579
619361	7269280
619361	1585767
619361	1216775
619361	2629588
619361	2562560
619361	881375
619361	2282701
619361	3145915
619361	1017787
619361	272208
619361	255961
619361	104796
619361	61663
619361	83196
619361	316184
619361	152142
619361	312172
619361	60223
619361	546060
619361	520957
619361	218978
619361	661196
619361	30225
619361	700848
619361	876142
619361	766006
619361	22656
107544	774398
107544	732379
107544	491245
107544	1284661
107544	6225803
107544	6477946
107544	6501190
107544	2708147
107544	2012715
107544	192901
107544	2189544
107544	488552
107544	4899193
107544	907695
107544	2243516
107544	1017917
107544	74939
107544	5559461
107544	3391143
107544	1329340
107544	1181919
107544	2149348
107544	966011
107544	1182868
107544	2322338
107544	1246988
2944616	1782170
2944616	2067853
2944616	3115472
2944616	3960700
2944616	989191
2944616	1777523
2944616	1582099
2944616	2052221
2944616	3044793
2944616	1885639
2944616	240737
2944616	1042434
2944616	1038194
2944616	2534434
2944616	1312343
2944616	3453565
2944616	1224876
2944616	2202675
2944616	2944616
2944616	3464293
2944616	193467
2944616	594207
2944616	2406128
2944616	1019195
2944616	1583157
2944616	1918981
2944616	818455
2944616	1987112
2944616	1722315
2944616	2679052
2944616	684582
2944616	1115299
2944616	2573156
2944616	3068260
2944616	1021306
2944616	3668059
2944616	2258980
2944616	494762
2944616	2016006
2944616	243709
2944616	3253647
2944616	565672
2944616	1005619
835806	7091867
835806	7001350
835806	6319675
835806	1396340
835806	1821548
835806	5699784
835806	4513218
835806	6771046
835806	1327583
835806	3813621
835806	8037053
835806	4917881
835806	1980619
835806	5225255
835806	4370196
835806	236241
835806	574147
835806	337079
835806	1102648
835806	3123092
835806	1239963
835806	99834
835806	1341526
835806	1682262
835806	835806
835806	102483
835806	145395
160189	1570415
160189	2822252
160189	5358054
160189	2299789
160189	7294647
160189	1318648
160189	360811
160189	170587
160189	1216775
160189	2793109
160189	1607510
160189	149392
160189	640396
160189	903137
160189	288671
111988	12218735
111988	2643815
111988	9389293
111988	599971
111988	2523147
111988	4899193
111988	4101786
111988	642706
111988	424939
111988	1722818
111988	5141296
111988	171675
111988	16883
59501	252743
59501	164128
59501	2646454
59501	216890
59501	1451634
59501	550166
59501	549946
59501	113507
59501	92764
59501	227803
59501	50142
59501	456551
548167	2901945
548167	6713531
548167	336175
548167	1267748
548167	2645833
548167	963674
548167	2681594
548167	2111572
548167	7360850
548167	59501
548167	7467699
548167	3154233
548167	3950849
548167	2117379
548167	1045384
548167	691626
548167	5166818
548167	7350287
548167	7057111
548167	6459227
548167	5582311
548167	1675568
548167	5516737
548167	3981329
548167	3290859
548167	1356983
548167	2542697
548167	2405690
548167	2187707
548167	377349
548167	1029657
548167	455654
548167	2538635
548167	1570793
548167	1453230
548167	210713
548167	45935
3397452	3273522
3397452	1114170
3397452	3635029
3397452	1083704
3397452	1635719
3397452	3606114
3397452	5567429
3397452	4938519
3397452	894682
3397452	4131050
3397452	2162226
3397452	2298241
3397452	4501494
3397452	827632
3397452	4743608
3397452	4635913
3397452	3181500
3397452	1754020
3397452	2761641
3397452	2088038
3397452	4281711
3397452	2270966
3397452	3430623
3397452	319773
3397452	342534
3397452	418556
2612259	559850
2612259	6891563
2612259	3844956
2612259	8926845
2612259	8109872
2612259	3577235
2612259	2473302
2612259	648313
2612259	1924299
2612259	4897593
2612259	2612259
2612259	1741671
2612259	2567799
2612259	1984636
2612259	1283845
2612259	857125
2612259	1770868
2612259	4230345
2612259	1631285
2612259	904556
2612259	2612259
2612259	3981638
2612259	1149423
1372890	8456875
1372890	339637
1372890	18122
1372890	4120631
306651	735533
306651	790464
306651	667735
306651	110979
306651	2383176
306651	3469725
306651	10166
306651	139595
306651	633281
5074	5307079
5074	180416
5074	1393484
5074	7706962
5074	912829
5074	5346
5074	1762932
5074	5438
5074	834316
5074	912319
5074	3614835
5074	131552
5074	1504300
5074	380331
5074	4249
5074	3777283
5074	835199
5074	616460
5074	161142
5074	3474
5074	1140754
5074	1996
5074	4926
5074	4893
5074	4223
24396	1624454
24396	9340059
24396	1984767
24396	5355272
24396	799227
24396	379173
24396	2339206
24396	1983854
24396	3763850
24396	3728901
24396	4353178
24396	4110190
24396	967288
24396	1584016
24396	1037754
24396	1310066
24396	50476
24396	899698
24396	208881
1027308	2636001
1027308	1082681
1027308	2474792
1027308	941206
1027308	296828
1027308	552759
1027308	21499
1027308	318857
1027308	239916
1027308	1015495
1027308	363751
1027308	471213
1027308	390720
1027308	57695
1027308	467944
1027308	1878731
1027308	217324
280924	3738831
280924	1622201
280924	10548773
280924	3742333
280924	2346256
280924	4261022
280924	522444
280924	8630563
280924	4253424
280924	1380968
280924	2102730
280924	7121889
280924	6064025
280924	485431
280924	3705840
280924	895245
280924	5746371
280924	4517706
280924	542543
280924	1664424
280924	2457251
280924	959934
280924	354161
54538	59501
54538	8232755
54538	9386660
54538	5166818
54538	2873710
54538	1610544
54538	54538
54538	5636084
54538	1810439
54538	1480391
54538	2062388
54538	631937
2841472	10268617
2841472	5916535
2841472	2408893
2841472	9852526
2841472	2990685
2841472	449553
2841472	2818879
2841472	6248616
2841472	6097074
2841472	851399
2841472	4386338
2841472	8421343
2841472	3957225
2841472	4651104
2841472	1669665
2841472	5664253
2841472	3889537
2841472	6795572
2841472	4036462
2841472	6653785
2841472	2380687
2841472	3706974
2841472	3116416
2841472	6451425
2841472	1754020
2841472	405168
2841472	2293824
2841472	1925138
2841472	1646783
2841472	300359
2841472	551625
2841472	980967
33885	8097510
33885	6348730
33885	6915572
33885	2396539
33885	5114930
33885	5471827
33885	4334162
33885	1636874
33885	648608
33885	5983136
33885	33889
33885	1375627
33885	1216775
33885	4252869
33885	4575227
33885	3554840
33885	363751
33885	2587223
33885	2603515
33885	1440720
33885	10661
33885	8946
297032	2106260
297032	124253
297032	6592783
297032	5455988
297032	6626282
297032	508098
297032	1216775
297032	157882
297032	424559
297032	1183224
297032	427598
297032	1048218
297032	3376389
297032	57695
297032	1608662
297032	1457256
297032	47773
267269	581205
267269	4859182
267269	2798291
267269	4618272
267269	1398333
267269	64495
267269	1151521
267269	4811873
267269	2028066
267269	2028066
267269	2316297
267269	129599
267269	895245
267269	375929
267269	272858
267269	2028066
267269	301832
53943	5772882
53943	7658476
53943	92018
53943	453516
53943	75554
53943	249672
53943	296108
53943	99463
53943	32899
60006	974045
60006	4058910
60006	1625126
60006	926905
60006	13531
60006	440808
60006	12943
60006	26334
18103	32174
18103	7137792
18103	2240274
18103	889742
18103	1875434
18103	2382934
18103	18103
18103	2121187
18103	21294
18103	595305
18103	20003
18103	475573
18103	47831
18103	296988
18103	40342
18103	4725
18103	62130
18103	14138
18103	62130
18103	16828
18103	13531
18103	35070
18103	50866
29549	2822252
29549	946224
29549	3378204
29549	7938
29549	1782608
29549	5620851
29549	4044987
29549	4851359
29549	1697099
29549	558032
29549	1770217
29549	1063432
29549	635998
29549	20029
29549	16883
29549	30316
29549	49246
29549	24545
282886	5895352
282886	185349
282886	2600659
282886	372825
282886	276101
282886	166235
282886	170383
282886	1599213
282886	627727
282886	1883212
282886	871726
282886	1165128
282886	985306
282886	987411
282886	947620
282886	478028
282886	111052
282886	36305
282886	103206
282886	373722
282886	364962
282886	373529
282886	348172
282886	55150
282886	372612
282886	259130
282886	370321
282886	19884
282886	65868
282886	844957
282886	467705
282886	149482
282886	832271
282886	149482
282886	400447
282886	374980
282886	89556
282886	165737
282886	87206
282886	373826
282886	272288
282886	40
282886	372497
282886	19450
282886	185387
282886	203458
282886	54187
282886	363751
282886	372636
282886	111266
282886	591191
282886	372524
282886	77965
282886	372436
282886	24643
282886	366234
282886	372395
282886	2127508
282886	82118
282886	65868
282886	371052
282886	121747
282886	11834
30563	1243910
30563	1672027
30563	37213
30563	4743242
30563	2789973
30563	7105922
30563	3728901
30563	3270332
30563	1075289
42303	961018
42303	6006552
42303	9936749
42303	9133220
42303	2850301
42303	44757
42303	2033428
42303	4268348
42303	4819357
42303	5188449
42303	18771
42303	1461450
42303	4590393
42303	3482428
42303	4931620
42303	1216775
42303	8200485
42303	2082583
42303	3053102
42303	1115122
42303	1682964
42303	21005
42303	1035
31563	4725
31563	571975
31563	9030633
31563	9772691
31563	9149131
31563	399738
31563	4269615
31563	7330437
31563	3846192
31563	2564491
31563	2165806
31563	35227
31563	130166
31563	632951
31563	3751651
31563	203458
31563	750378
31563	44330
31563	56242
3425	1276785
3425	70795
3425	1561948
3425	77779
3425	119071
3425	1184114
3425	977576
3425	564051
3425	347700
3425	16050
3425	73019
122358	78677
122358	126769
122358	8946
122358	123582
122358	2092205
122358	110795
18500	11374957
18500	288671
18500	4999394
18500	18597
18500	6482564
18500	15100
18500	18187
18500	2635682
18500	126529
18500	595305
18500	1563393
18500	12880
18500	1718739
18500	304
18500	25303
18500	24243
18500	13005
18500	25083
18500	5354
1162620	4252869
1162620	2754393
1162620	2781812
1162620	2454277
1162620	571407
1162620	2893073
1162620	1815152
1162620	1074863
1162620	2421719
1162620	1392463
1162620	1679863
1162620	1528401
1162620	1813858
1162620	961215
57695	978865
57695	883033
57695	531954
57695	129570
57695	4728
14952	6792588
14952	7379069
14952	2993812
14952	2552811
14952	6931119
14952	772981
14952	2673577
14952	1581069
14952	6117074
14952	649890
14952	3176955
14952	1889970
14952	1026248
14952	607470
14952	1223230
14952	2139884
14952	788883
14952	6309
14952	727114
14952	112500
44330	20654
44330	980442
44330	2078672
44330	2795423
44330	23572
44330	2413303
44330	17041
44330	1706750
44330	3042543
44330	304285
44330	4054569
44330	1115554
44330	109360
44330	2741055
44330	980442
44330	50476
44330	173149
44330	1431
44330	182690
44330	12890
44330	202085
44330	176180
18511	4125009
18511	6309
18511	821478
18511	13824
18511	28921
18511	1429387
18511	1429387
18511	399105
18511	16404
18511	425158
18511	1854803
18511	309483
18511	1420279
18511	765720
18511	10522
18511	120292
18511	3535
18511	31141
18511	33857
16873	8059259
16873	15255
16873	1695537
16873	161644
16873	4970079
16873	1207769
16873	5976604
16873	3126202
16873	1464389
16873	4926275
16873	2482570
16873	699952
16873	1112963
16873	4434038
16873	301444
16873	3376389
16873	3032706
16873	1983997
16873	429873
16873	2425320
16873	2248569
16873	451634
16873	708497
16873	866064
16873	645854
16873	508801
16873	709985
16873	22656
4332	12631
4332	4552
4332	4332
51402	309489
51402	2767454
51402	3342122
51402	1264666
51402	23572
51402	6083049
51402	13531
51402	62131
51402	1870904
51402	4934809
51402	4535354
51402	4918
51402	1006580
51402	8753
51402	37416
51402	18154
51402	16883
51402	16399
614800	1764947
614800	48136
614800	5796365
614800	1777072
614800	614800
95122	227665
95122	244473
95122	86733
95122	10882136
95122	3764804
95122	2114557
95122	316578
95122	1364368
95122	474985
95122	1441720
95122	260002
5309	3299647
5309	6685277
5309	2549901
5309	3458608
5309	5507619
5309	511804
5309	12968
5309	128397
5309	86604
5309	486688
5309	486688
5309	1075289
5309	2344378
5309	1949703
5309	258289
5309	818753
5309	131337
5309	670960
5309	438960
5309	7918
5309	12034
5309	5507
5309	4725
5309	122
5309	9530
80796	8355496
80796	1137187
80796	641452
80796	3409441
80796	9164141
80796	6298467
80796	2238
80796	34509
80796	7817824
80796	105741
80796	1795426
80796	4660857
80796	5603750
80796	490105
80796	1650662
80796	384267
80796	26671
49153	839128
49153	14955
49153	696714
49153	1593056
49153	5812830
49153	159658
49153	2330577
49153	5772882
49153	2739650
49153	74491
49153	1705598
49153	82609
49153	1213763
49153	63777
49153	1048340
49153	288671
49153	3149904
49153	7412
49153	991065
49153	1062660
49153	1145561
49153	1197590
49153	377398
49153	693198
49153	85421
49153	47461
49153	43582
1189885	3469861
1189885	2490336
1189885	272180
1189885	3952164
1189885	2648077
1189885	86967
1189885	2569475
1189885	2583044
1189885	3617511
1189885	1435014
1189885	264052
1189885	1189885
1189885	1577000
1189885	505893
1189885	668417
38426	1041044
38426	6382129
38426	4404269
38426	4590662
38426	1190958
38426	772761
38426	873670
38426	1266793
38426	1109383
38426	1103316
38426	1121324
38426	705474
38426	55226
38426	1282934
38426	52115
38426	266102
38426	164850
38426	479078
38426	287396
38426	30807
38426	96313
38426	85597
38426	237665
38426	236128
38426	24590
38426	10369
147601	3632455
147601	3049036
147601	109427
147601	611048
147601	2795189
147601	2815353
147601	445831
147601	11813
147601	942391
147601	695872
258689	430720
258689	2011748
258689	3077225
258689	906613
258689	10468816
258689	170239
258689	1927175
258689	258689
258689	2044417
258689	1041442
258689	3304631
258689	1074665
258689	746881
258689	1595107
258689	567399
258689	126382
258689	1445864
258689	1102509
258689	504184
258689	263801
258689	1270392
258689	623581
258689	1738583
258689	250614
258689	92923
777906	1497139
777906	4187751
777906	7241535
777906	3463844
777906	8370915
777906	355438
777906	2934838
777906	4285637
777906	2095604
777906	7791423
777906	3956731
777906	5891912
777906	4863277
777906	4883262
777906	989857
777906	4373504
777906	4829317
777906	3462681
777906	451634
777906	204234
777906	1688090
777906	3117433
777906	419448
777906	849525
777906	903137
777906	2960928
777906	790839
777906	100970
74359	11199879
74359	2525313
74359	11754064
74359	448625
74359	7664765
74359	339146
74359	549372
74359	3300768
74359	102008
74359	8677
74359	2107549
74359	8200485
74359	964243
74359	1587046
74359	21838
74359	15721
74359	131368
74359	304894
74359	1326308
74359	980442
74359	1882685
74359	24998
74359	888958
74359	89266
74359	89266
74359	106979
74359	89266
74359	130640
74359	13491
23414	6440372
23414	57686
23414	4120631
23414	171469
23414	1884500
23414	1463629
23414	1374467
23414	14860
23414	82804
1428	1446916
1428	287138
1428	43312
1428	5190
1428	651288
1428	3550482
1428	1725202
1428	1169741
1428	735217
1428	1070215
1428	72810
1428	51292
1428	6662856
1428	162410
1428	9683
1428	1646411
1428	109882
1428	7671
1428	20654
1428	1035
1428	27020
1171509	4164297
1171509	1216775
1171509	4589003
1171509	2859563
1171509	2914140
1171509	2551697
1171509	1882010
1171509	535871
1171509	1171509
1171509	2544089
1171509	2336212
196480	3225260
196480	3600553
196480	6249773
196480	2385312
196480	3738831
196480	2514137
196480	6634462
196480	1045704
196480	1090228
196480	1348691
196480	340290
196480	1385652
196480	1385652
196480	2685043
196480	285878
196480	681746
196480	951984
196480	5574099
196480	4094939
196480	419156
196480	1069027
196480	1059744
196480	203907
157705	2490336
157705	131024
157705	9048736
157705	6509408
157705	37213
157705	70604
157705	2335016
30323	12943
30323	5951926
30323	835445
30323	6120088
30323	4083888
30323	15394
30323	2238
30323	2569695
30323	1369752
30323	1208677
30323	569040
30323	6309
1495015	3166303
1495015	1609479
1495015	3069254
1495015	6097074
1495015	2386514
1495015	6242145
1495015	859417
1495015	4420181
1495015	1187878
1495015	304330
1495015	2286372
1495015	314089
1495015	3804212
1495015	1019307
1495015	4366079
1495015	529801
1477347	1466039
1477347	8602318
1477347	1052697
1477347	2046795
1477347	5431638
1477347	116154
1477347	2268610
48094	7245379
48094	8956569
48094	10020712
48094	33974
48094	4316647
48094	3049589
48094	5659278
48094	5853985
48094	5294091
48094	3085767
48094	1040124
48094	1115554
48094	4124310
48094	2924323
48094	53013
48094	4381218
48094	1648958
48094	4017733
48094	2194456
48094	1187246
48094	2221087
48094	806232
48094	314283
48094	528112
48094	6180
48094	43016
48094	29173
48094	23691
275030	24054
275030	139985
275030	2746883
275030	7190513
275030	616104
275030	4260932
275030	1216775
275030	1631379
275030	1498427
275030	751641
275030	628696
275030	137483
275030	273826
275030	275020
275030	24582
122	1035
122	5336361
122	35
122	4926
122	560
122	6729598
122	758
122	5039151
122	4586938
122	1940048
122	11961
122	28465
122	28465
122	60871
122	1339367
122	131137
122	56038
122	2959
122	5266
122	3474
122	2443
122	1353
122	244
122	1009
3713	1160607
3713	2873923
3713	458065
3713	6180
3713	120955
3713	27565
3713	402322
3713	72810
3713	13531
2057084	2314592
2057084	2172260
2057084	1133169
2057084	9871426
2057084	9599554
2057084	1940577
2057084	6934058
2057084	3233722
2057084	4092467
2057084	4905220
2057084	3798217
2057084	87191
2057084	2915032
2057084	4682000
2057084	4029402
2057084	257457
2057084	4016428
2057084	4425229
2057084	7382225
2057084	3600814
2057084	1753955
2057084	477878
2057084	1625820
2057084	3306379
2057084	3744681
2057084	1730100
2057084	3244599
2057084	3792649
2057084	2015318
2057084	2200161
2057084	1268651
14316	11051546
14316	2581314
14316	11972666
14316	447182
14316	8885332
14316	1947494
14316	7957325
14316	8212908
14316	371720
14316	11157537
14316	5318240
14316	4820070
14316	10582460
14316	6814271
14316	7849042
14316	8793928
14316	10087711
14316	5412569
14316	398715
14316	2245229
14316	221955
14316	1868841
14316	9244715
14316	3017473
14316	6382158
14316	5601016
14316	7083401
130758	7641
130758	63436
130758	5077
130758	700254
130758	883603
1198226	1966354
1198226	3065232
1198226	963076
1198226	2944997
1198226	1596520
1198226	1026453
1198226	418556
1198226	382920
1198226	1752079
525965	9036713
525965	9564046
525965	2353713
525965	1310634
525965	895245
525965	342852
525965	276052
525965	1216775
525965	640325
525965	3229161
525965	598798
525965	1812722
525965	2163589
525965	1642266
525965	2023728
525965	978314
525965	1794041
525965	1774086
525965	166611
525965	574479
525965	44523
525965	439751
59468	2396539
59468	1300611
59468	1397969
59468	12048
59468	6782
59468	1219497
59468	1092195
59468	1944816
59468	1872406
59468	2335562
59468	85578
59468	1551022
59468	1596520
59468	70786
59468	2050874
59468	1891112
59468	1092951
59468	1881952
59468	1549169
59468	57423
740904	3991418
740904	5013117
740904	2898715
740904	1886534
740904	1031769
740904	3651854
740904	53691
740904	4848057
740904	4592525
740904	5398884
740904	2462531
740904	1522163
740904	1262198
740904	9301270
740904	4866399
740904	2502786
740904	4887311
740904	7804602
740904	7209186
740904	2588059
740904	503804
740904	4778127
740904	104891
740904	1329813
740904	7676839
740904	5527341
740904	6732128
740904	1167110
740904	1741107
740904	5476125
740904	313427
740904	6546613
740904	988966
740904	2529583
740904	2884309
740904	3096687
740904	2896678
740904	3565334
740904	1198772
740904	1462946
740904	967288
740904	1785
740904	37213
50262	2441655
50262	507738
50262	18154
50262	1483503
50262	330457
50262	1844999
50262	2531888
50262	1794846
50262	1379799
50262	1442589
50262	293933
50262	685429
50262	19479
50262	55315
50262	20029
202375	1517187
202375	1923551
202375	1851358
202375	5222040
202375	6915572
202375	4870520
202375	6813506
202375	5034206
202375	217862
202375	103206
202375	217324
202375	1166090
202375	1517187
202375	1710136
202375	918472
202375	248129
202375	57171
202375	1097717
202375	219394
202375	176880
202375	258146
202375	184730
586528	8421300
586528	37213
586528	1630199
586528	744133
586528	4156595
586528	3600553
586528	1216775
586528	26510
586528	2685581
586528	5803677
586528	1045050
586528	1159404
586528	478399
586528	635347
586528	2354385
586528	4604182
586528	3293953
586528	2299414
586528	2413198
586528	960622
586528	13792
586528	280574
586528	946312
586528	330057
228898	515183
228898	250978
228898	1938688
228898	740228
228898	27439
228898	222467
4343	11199879
4343	11860105
4343	5667861
4343	3322553
4343	7316914
4343	4941710
4343	1787945
4343	8387219
4343	1570415
4343	2735286
4343	4318868
4343	22656
4343	4793394
4343	1315444
4343	496208
4343	3357185
4343	4278285
4343	589259
4343	3692714
4343	1587046
4343	3285421
4343	2808744
4343	4725
4343	2751435
4343	1096126
4343	2169691
4343	2170138
4343	494501
4343	1825248
4343	411112
4343	451634
4343	296452
4343	17041
4343	696834
4343	728568
4343	57695
4343	11721
4343	15459
4343	19746
4343	33165
4343	31345
4343	20065
4343	22656
7705	26160
7705	8709
7705	2137465
7705	1886835
7705	456617
7705	1095822
7705	666214
7705	2628
7705	17663
7705	510446
7705	199648
7705	21952
7705	3820
7705	39975
357024	2543191
357024	5580426
357024	3115798
357024	1283715
357024	1503237
357024	4398350
357024	1255181
357024	1677594
357024	1923328
357024	875449
357024	1208581
357024	38896
357024	214890
357024	4725
357024	22656
82865	404357
82865	724146
82865	1149401
82865	2110220
82865	1002222
82865	2135752
82865	68338
82865	649870
82865	1670883
82865	952999
82865	805976
82865	1474548
82865	1022119
82865	686478
82865	104014
82865	112671
82865	126142
82865	1303629
82865	68524
82865	82865
82865	471214
82865	386587
82865	1469503
82865	1010155
82865	735284
82865	25210
82865	262748
82865	1121456
82865	633150
82865	474189
82865	659097
82865	82865
82865	13253
82865	93953
82865	326874
82865	686478
82865	4737
82865	26778
82865	129827
82865	82865
82865	2309
82865	12541
82865	21234
82865	103165
82865	116388
82865	38971
324968	309683
324968	4042213
324968	1025118
324968	3600553
324968	1157635
324968	2569475
324968	4144805
324968	2455695
324968	2606975
324968	2020180
324968	1249710
324968	349909
324968	203907
324968	157247
2324527	9711823
2324527	8420187
2324527	167745
2324527	2413506
2324527	664676
2324527	1731862
2324527	2088000
2324527	940428
3535	6060637
3535	1993204
3535	2593810
3535	3435342
3535	1548776
3535	2739201
3535	86967
3535	1018906
3535	480478
3535	5555429
3535	4644763
3535	4417171
3535	1889574
3535	5788964
3535	5108777
3535	1855286
3535	1599792
3535	1682984
3535	1385441
3535	108153
3535	44757
3535	292
3535	3211
30967	7636024
30967	8358001
30967	4278239
30967	687449
30967	2601995
30967	41871
30967	1955404
30967	1848590
30967	5978545
30967	2653232
30967	4243316
30967	3244185
30967	117839
30967	919125
30967	590290
30967	335530
30967	144599
30967	132258
30967	37213
404615	5081877
404615	9913630
404615	204313
404615	10062052
404615	1705598
404615	1115762
404615	3383543
404615	276052
404615	586318
404615	2014864
404615	1280825
404615	601806
404615	5701801
404615	878126
404615	199048
404615	185022
404615	1800333
404615	2132004
404615	991737
404615	3510382
404615	438960
404615	342852
56285	3950982
56285	1490636
56285	1996022
56285	2835764
56285	1588303
56285	5930295
56285	7013460
56285	1100060
56285	638225
56285	1735406
56285	227192
56285	381897
56285	2019710
56285	2966520
56285	3355
56285	1116153
56285	1568658
56285	2109292
56285	531954
56285	407731
56285	8946
56285	31141
6180	224294
6180	3474
6180	1151144
6180	1049260
6180	1055241
6180	13940
6180	10522
6180	290036
6180	410289
6180	343705
6180	259722
6180	31818
6180	157705
6180	167303
6180	18093
6180	12943
6180	17909
6180	16023
6180	12215
6180	4725
6180	12457
6180	3093
6180	17832
6180	2598
6180	4203
2937	20178
2937	10503089
2937	4725
2937	10973
2937	3991447
2937	947357
2937	4786435
2937	3140
2937	4251431
2937	5695126
2937	2494522
2937	5255840
2937	1394610
2937	3475143
2937	732351
2937	2558244
2937	4793214
2937	839601
2937	1140748
2937	873875
2937	1515855
2937	1001027
2937	138304
2937	1515114
2937	1451254
2937	1157396
2937	355420
2937	825455
2937	292163
2937	203225
2937	23275
2937	22850
2937	3518
2937	7610
2937	15459
2937	21862
358163	871542
358163	3764804
358163	1387451
358163	831878
358163	1895925
358163	492773
358163	3284055
358163	16404
358163	203907
200477	4804535
200477	2504569
200477	4514796
200477	1782087
200477	767440
200477	247904
200477	2148631
200477	828913
200477	1327873
200477	1105107
200477	790237
200477	329637
200477	93448
200477	2463035
200477	243782
200477	755804
200477	1083093
200477	303347
200477	562073
200477	164402
200477	876404
287316	227665
287316	2523147
287316	105570
287316	447567
287316	463916
287316	459055
287316	402985
287316	26816
287316	458901
287316	772035
287316	385138
287316	18393
287316	321323
287316	417228
287316	397807
287316	112671
287316	460354
287316	428013
287316	103206
287316	183200
287316	124333
287316	461492
287316	103154
287316	65718
287316	73804
287316	286934
20498	8953378
20498	1705598
20498	1884500
20498	1288
20498	16542
20498	30453
20498	24545
20498	55925
318	11173058
318	2234161
318	1092450
318	5300967
318	233317
318	5916535
318	5810648
318	6309
318	1643115
318	13
318	4861305
318	2929562
318	3068728
318	1497139
318	1964633
318	3603020
318	348189
318	1856449
318	19624
318	7671
743534	3517923
743534	489041
743534	234723
22634	20840
22634	17172
22634	21368
22634	53897
22634	653856
22634	14738
22634	1574672
22634	1215488
22634	1197359
22634	271872
22634	326480
22634	23428
1719067	5832619
1719067	439916
1719067	1947216
1719067	1103872
1719067	1149423
1719067	5461926
1719067	968988
1719067	4999394
1719067	1141493
1719067	4360378
1719067	1216775
1719067	1851024
1719067	2995532
1719067	1265660
160463	2625236
160463	555914
160463	1808829
160463	925135
160463	10445540
160463	5335382
160463	2252113
160463	245495
160463	1356106
160463	774398
160463	402637
160463	3132972
160463	553837
160463	115145
227986	2206410
227986	4581466
227986	4325630
227986	1743029
227986	1578946
227986	1264826
227986	838755
227986	706540
227986	228843
227986	27708
227986	70604
63051	3333
63051	58956
63051	44523
63051	1483978
63051	2869858
425307	63293
425307	1572446
425307	463994
425307	2016554
425307	31480
425307	459
425307	3048431
425307	1367449
425307	2103383
425307	1228553
425307	6595039
425307	1298461
425307	71399
425307	263004
425307	2861336
425307	779111
425307	2255110
425307	2728017
425307	463897
425307	2598
425307	569814
425307	506084
425307	428640
425307	108034
24998	52176
24998	359035
24998	203968
24998	1288
24998	552999
24998	4561314
24998	1545118
24998	829571
24998	4396234
24998	3474
24998	2027264
24998	474193
24998	991737
24998	2101290
24998	2528638
24998	13792
24998	1939119
24998	3415
24998	151813
24998	389618
24998	313969
1334761	1647597
1334761	2016562
1334761	6408365
1334761	9851088
1334761	1363742
1334761	7538976
1334761	2811075
1334761	7355075
1334761	9718096
1334761	2819928
1334761	7838142
1334761	6492588
1334761	5221701
1334761	5228412
1334761	2514902
1334761	1232937
1334761	4880385
1334761	3952691
1334761	2982360
1334761	1189043
1334761	2977237
81271	924272
81271	416369
81271	3886961
81271	1567746
81271	973605
81271	1688733
81271	37213
81271	1698730
81271	537551
81271	177505
81271	115432
81271	90042
81271	13433
448078	4900
448078	5618307
448078	1025118
448078	448078
448078	201359
448078	378151
448078	1017917
18103	5070879
18103	2834815
18103	448078
18103	195463
18103	54579
18103	157591
18103	1746118
18103	2887
18103	531954
18103	1422297
18103	1416458
18103	73274
18103	1042153
18103	1705598
18103	312172
18103	227755
18103	2406796
18103	18511
18103	1007955
18103	1588303
18103	105224
18103	2388005
18103	2233052
18103	1515536
18103	507528
18103	63309
18103	562139
18103	539757
18103	485552
18103	260368
18103	157882
18103	15050
18103	57695
18103	103206
18103	90848
18103	4725
18103	18511
18103	99135
18103	99135
472897	119280
472897	3485752
472897	1112268
472897	7994269
472897	9235592
472897	2133541
472897	4717846
472897	1118559
472897	463052
62571	3474
62571	8838577
62571	6360040
62571	1216775
62571	4434482
62571	888230
62571	1400737
62571	1414610
62571	1525413
62571	2396539
62571	615784
62571	830566
62571	57695
62571	15355
62571	22704
62571	5507
62571	7867
62571	41861
62571	19276
62571	62499
62571	41754
62571	27012
62571	39036
62571	13531
39677	304617
39677	6691610
39677	5735806
39677	8818353
39677	6941879
39677	545734
39677	4251345
39677	203907
39677	7055206
292	3666
292	4725
292	1268294
292	4537488
292	1047565
292	184
292	2995907
292	1694
292	4213
292	2551
292	4926
25778	4019233
25778	2868724
25778	554467
25778	10138416
25778	7208392
25778	27587
25778	1216775
25778	26859
25778	6592058
25778	7044810
25778	767555
25778	6128908
25778	1159404
25778	23572
25778	5018911
25778	274205
25778	5628310
25778	5281441
25778	1982580
25778	4879651
25778	27565
25778	4851359
25778	5182491
25778	1353274
25778	4435902
25778	1516571
25778	4029759
25778	3282808
25778	288671
25778	369035
25778	2071911
25778	2706817
25778	1912383
25778	1710433
25778	701779
25778	1163576
25778	13905
25778	3565
450466	1216775
450466	438544
450466	330867
450466	1503859
450466	1032958
450466	11296
450466	129570
13940	2477084
13940	152578
13940	973085
13940	164802
13940	125617
13940	899201
13940	3176955
13940	21925
13940	505069
13940	189203
13940	149311
13940	122428
11236	8922718
11236	4540114
11236	7978231
11236	9422637
11236	6736774
11236	1367450
11236	3376613
11236	2640826
11236	4293498
11236	773113
11236	87191
11236	1292323
11236	5432470
11236	5285142
11236	5442490
11236	4413101
11236	396747
11236	277084
11236	16826
2163864	837784
2163864	5902146
2163864	8480625
2163864	3839716
2163864	2052006
2163864	1587046
2163864	3610133
587884	2028066
587884	1133011
587884	211070
587884	5903395
587884	203657
587884	616460
587884	188626
587884	230513
587884	637853
22061	5081877
22061	5221821
22061	8609030
22061	4999394
22061	1697099
22061	1012497
22061	139985
22061	2396539
22061	256478
22061	1386130
22061	6508
22061	478399
